"Title","Visibility","Restrictions","URL","Duration","Views"
"Animation Video: CBAS Heparin Surface on the GORE® PROPATEN® Vascular Graft","no","unlisted","https://www.youtube.com/watch?v=sCnhJ2NrLzc","0h3m10s","0"
"Long-term vs. full cohort of VBX FLEX Study","no","unlisted","https://www.youtube.com/watch?v=u5rRkFOBsvQ","0h0m58s","0"
"How outcomes inform treatment decisions","no","unlisted","https://www.youtube.com/watch?v=rRTrIZTfueI","0h1m33s","0"
"Balloon expandable stents for AIOD","no","unlisted","https://www.youtube.com/watch?v=v2xdjONA2cI","0h1m12s","0"
"5-year VBX Stent Graft follow-up: Key outcomes","no","unlisted","https://www.youtube.com/watch?v=e7cC2QFf0hg","0h2m1s","0"
"5-year VBX Stent Graft follow-up: Background","no","unlisted","https://www.youtube.com/watch?v=-GJS26TwaOE","0h1m34s","1"
"Rawad Mounzer, M.D., Teodor Pitea, M.D. and Amar Thosani, M.D. speak on Choosing the Right Stent","no","public","https://www.youtube.com/watch?v=mTnSmwgsO5s","0h3m11s","21"
"ゴア® エクスクルーダー® コンフォーマブル AAAステントグラフト アクティブコントロールシステム ケースレポート1 動画 3","no","unlisted","https://www.youtube.com/watch?v=y1A0DRRZKmk","0h1m6s","21"
"ゴア® エクスクルーダー® コンフォーマブル AAAステントグラフト アクティブコントロールシステム ケースレポート1 動画 5","no","unlisted","https://www.youtube.com/watch?v=amqGp3_SLxo","0h0m13s","20"
"ゴア® エクスクルーダー® コンフォーマブル AAAステントグラフト アクティブコントロールシステム ケースレポート1 動画 4","no","unlisted","https://www.youtube.com/watch?v=fOSVXVFAsFo","0h0m9s","23"
"ゴア® エクスクルーダー® コンフォーマブル AAAステントグラフト アクティブコントロールシステム ケースレポート1 動画 2","no","unlisted","https://www.youtube.com/watch?v=R5Ubo5V7ZY4","0h0m9s","21"
"ゴア® エクスクルーダー® コンフォーマブル AAAステントグラフト アクティブコントロールシステム ケースレポート1 動画 1","no","unlisted","https://www.youtube.com/watch?v=aOJkHR8UaE0","0h0m20s","16"
"Gore RELINE MAX Clinical Study Outcomes","no","public","https://www.youtube.com/watch?v=KX5H-RQsQxQ","0h1m48s","19"
"The role of the VIABAHN® Device in SFA ISR treatment","no","public","https://www.youtube.com/watch?v=EXO2kxd9gZk","0h2m16s","10"
"Gore RELINE MAX Clinical Study Design and Objective","no","public","https://www.youtube.com/watch?v=0j5tiqYioqA","0h1m37s","7"
"Experiences with the GORE® VIABAHN® Endoprosthesis with Heparin Bioactive Surface*: Deployability","no","public","https://www.youtube.com/watch?v=OPogihL2_FY","0h1m13s","24"
"Covered stents and their contribution to patient outcomes","no","public","https://www.youtube.com/watch?v=vRp2M6PvrC8","0h1m44s","19"
"Challenges with PTA and the impact of repeat interventions","no","public","https://www.youtube.com/watch?v=LSHZsfT4aSc","0h1m25s","11"
"Join the third edition of Gore Vascular Mastery eCampus online training for early career physicians","no","unlisted","https://www.youtube.com/watch?v=pKQVBtvhEys","0h1m16s","63"
"Solutions Designed for the Demands of TEVAR","no","public","https://www.youtube.com/watch?v=Os7O1Q6oIjI","0h1m1s","72"
"Jennie's Patient Story","no","public","https://www.youtube.com/watch?v=B3fmN1YCXs0","0h2m38s","18"
"National Principal Investigators share their perspectives on impact to LSA preservation procedures","no","public","https://www.youtube.com/watch?v=OMOs-xVS5YA","0h6m5s","31"
"Thoracic branch animation","no","unlisted","https://www.youtube.com/watch?v=AXhEt39iJrA","0h1m43s","42"
"ゴア® TAG® コンフォーマブル 胸部大動脈ステントグラフト アクティブコントロールシステム 製品紹介_23923301-JA","no","unlisted","https://www.youtube.com/watch?v=2DDCELipbN8","0h2m38s","32"
"15th Anniversary History video　25年周の歴史_23929058-JA","no","unlisted","https://www.youtube.com/watch?v=5SJmFY7wu1o","0h1m56s","31"
"Inside Story～ゴア社員が語る15年の物語～_23926875-JA","no","unlisted","https://www.youtube.com/watch?v=2kfZRlpUREc","0h8m17s","208"
"Remote Case Support for Medical Device Training","no","unlisted","https://www.youtube.com/watch?v=OZWsVe3jTZc","0h0m20s","1"
"ALWAYS Hypogastric Artery Preservation Considerations","no","public","https://www.youtube.com/watch?v=dv20zDbtGQ0","0h1m35s","41"
"GREAT Registry perspective and outcomes","no","public","https://www.youtube.com/watch?v=Av4Wu9lppvo","0h3m15s","21"
"Field Sales Associate Interviews","no","public","https://www.youtube.com/watch?v=yiqU1j1_TKM","0h2m45s","91"
"心血管疾患向け製品紹介動画_231196515-JA","no","unlisted","https://www.youtube.com/watch?v=XnPc_yuAavM","0h1mNaNs","48"
"GORE® VIABAHN® VBX Balloon Expandable Endoprosthesis Overview","no","public","https://www.youtube.com/watch?v=HWA8huUwHi0","0h3m21s","285"
"GORE® BIO-A® Tissue Reinforcement with 3D Bioabsorbable Technology","no","unlisted","https://www.youtube.com/watch?v=vXKgQzgAnFU","0h1m1s","2"
"Animation Video: GORE® VIATORR® TIPS Endoprosthesis with Controlled Expansion","no","unlisted","https://www.youtube.com/watch?v=83iSZ8sE9tA","0h2m43s","1"
"Clinical trial data animation","no","public","https://www.youtube.com/watch?v=rWbAcnG1N-k","0h2m48s","28"
"Designed for Conformability","no","public","https://www.youtube.com/watch?v=u2HzblmlkwE","0h1m3s","52"
"5-year Outcomes: U.S. IDE Clinical Trial, Traumatic Aortic Transection","no","public","https://www.youtube.com/watch?v=xmmQHXWkwNE","0h3m38s","154"
"Life can change in an instant","no","public","https://www.youtube.com/watch?v=GeNRCJhIbys","0h3m11s","148"
"Innovation begins with listening","no","unlisted","https://www.youtube.com/watch?v=zedJBzXBX6Y","0h4m5s","8"
"Using XR Technology for Medical Device Training","no","unlisted","https://www.youtube.com/watch?v=WMOWxF90L9A","0h0m12s","3"
"Hypogastric preservation and patient quality of life","no","public","https://www.youtube.com/watch?v=pleAgxP7IAs","0h4m38s","77"
"VBX Video","no","unlisted","https://www.youtube.com/watch?v=z4tbrZHdIdY","0h3m21s","59"
"Teodor Pitea, M.D. Presents a Case Review of Patient Presenting with Adenocarcinoma","no","public","https://www.youtube.com/watch?v=zPx51D5LUe0","0h5m52s","21"
"Teodor Pitea, M.D. Speaks on Reasons to Choose GORE® VIABIL® Biliary Endoprosthesis","no","public","https://www.youtube.com/watch?v=SLtv3j5Ev7Y","0h1m27s","36"
"Rawad Mounzer, M.D. Speaks on Clinical Efficacy of Current Biliary Stenting Options","no","public","https://www.youtube.com/watch?v=44VGdoDMW1I","0h1m34s","13"
"Fellows 5-year-old with secundum ASD Case Study","no","public","https://www.youtube.com/watch?v=6jbNwJJxblE","0h9m47s","101"
"Procedural steps CARDIOFORM ASD Occluder","no","public","https://www.youtube.com/watch?v=ILM9K7WXtTs","0h2m24s","157"
"Fellows 16-year-old moderate-to-large secundum ASD Case Study","no","public","https://www.youtube.com/watch?v=-73wS5kuzgQ","0h8m6s","84"
"Low permeability GORE® EXCLUDER® Device introduction","no","public","https://www.youtube.com/watch?v=clUySNVdaAU","0h4m16s","79"
"POST-OPERATIVE VIEW: 13-months post-implantation GORE® SYNECOR Intrperitoneal Biomaterial","yes","public","https://www.youtube.com/watch?v=pQ5AsKOvKpE","0h0m48s","81"
"POST-OPERATIVE VIEW: 79-days post-implantation  - GORE® SYNECOR Intrperitoneal Biomaterial","yes","public","https://www.youtube.com/watch?v=XyURC1--8b8","0h2m13s","64"
"POST-OPERATIVE VIEW: 60-days post-implantation GORE® SYNECOR Intrperitoneal Biomaterial","yes","public","https://www.youtube.com/watch?v=YP9sJ97jbng","0h1m19s","33"
"POST-OPERATIVE VIEW: 18-months post-implantation GORE® SYNECOR Intrperitoneal Biomaterial","yes","public","https://www.youtube.com/watch?v=ZMvutprZfK0","0h0m49s","51"
"Ease of Use - GORE® SYNECOR Intrperitoneal Biomaterial - Eric Mallico, M.D. FACS","yes","public","https://www.youtube.com/watch?v=DTIZPI_b5ss","0h1m43s","138"
"Patient Selection for PFO Closure Webinar","no","public","https://www.youtube.com/watch?v=edC3xKXSdK4","0h49m6s","154"
"GMP tradeshow AV SYNECOR 2021","no","unlisted","https://www.youtube.com/watch?v=-f2d8vHsXoA","0h1m1s","229"
"GMP tradeshow AV BIO-A 2021","no","unlisted","https://www.youtube.com/watch?v=qSuq0LOcPQE","0h1m1s","63"
"SEAMGUARD 2021","no","unlisted","https://www.youtube.com/watch?v=LhRQBWLnXd4","0h1m1s","111"
"GORE® CARDIOFORM Occluder Family: safety and efficacy in PFO and ASD closure","no","public","https://www.youtube.com/watch?v=2RKM3ISyt-w","0h4m52s","297"
"Extending what you can achieve with the GORE® CARDIOFORM Occluder Family","no","public","https://www.youtube.com/watch?v=hMTqypdyd6g","0h0m30s","995"
"Post PFO Closure Atrial Fibrillation Management","no","public","https://www.youtube.com/watch?v=WCokbHx3EXE","0h3m16s","652"
"PFO Closure workup: Atrial Fibrillation monitoring prior to PFO Closure","no","public","https://www.youtube.com/watch?v=_KlJ9PXTST0","0h7m58s","223"
"Complex PFO Closure Case: Long Tunnel","no","public","https://www.youtube.com/watch?v=GN97_csdOlM","0h7m30s","655"
"Complex PFO Closure Case: Atrial Septal Aneurysm and Long Tunnel","no","public","https://www.youtube.com/watch?v=evLpFd7z9QI","0h3m21s","269"
"Complex PFO Closure Case: Atrial Septal Aneurysm and device embolization","no","public","https://www.youtube.com/watch?v=2VnJEEt70hQ","0h6m16s","2610"
"American Academy of Neurology practice advisory update: PFO and secondary stroke prevention","no","public","https://www.youtube.com/watch?v=m0XHZmE8O7Q","0h43m28s","256"
"Latest Neurology and Intervention Cardiology Guideline for PFO Closure","no","public","https://www.youtube.com/watch?v=GQI-w5Gb6g8","1h2m17s","283"
"Complex PFO Closure Case: Long Tunnel with Transseptal Puncture","no","public","https://www.youtube.com/watch?v=xEeMiA8svRw","0h2m57s","296"
"Complex PFO Closure Case: Atrial Septal Aneurysm and Long Tunnel with transseptal puncture","no","public","https://www.youtube.com/watch?v=ATRI9dJcBW4","0h4m33s","670"
"Complex PFO Closure Case: Thick Secundum","no","public","https://www.youtube.com/watch?v=ePxFJv57PR8","0h15m59s","277"
"American Academy of Neurology PFO and Secondary Stroke Prevention Practice Advisory Update","no","public","https://www.youtube.com/watch?v=gScZsRCyQJ0","0h48m9s","162"
"Gore Medical : Experience new levels of innovation and control","no","public","https://www.youtube.com/watch?v=Zy_93XTYdDI","0h6m34s","294"
"Extending what you can achieve with the GORE® CARDIOFORM Occluder Family","no","public","https://www.youtube.com/watch?v=x3RRmpgrl84","0h1m23s","120"
"Patient Education","no","public","https://www.youtube.com/watch?v=u8cNUt2ae-g","0h1m27s","219"
"About W. L. Gore & Associates","no","public","https://www.youtube.com/watch?v=8_L607x8hHM","0h0m52s","2676"
"We Are Gore Medical Products Division","no","public","https://www.youtube.com/watch?v=a72cu-BB9Ak","0h1m11s","2659"
"Gore Heritage","no","public","https://www.youtube.com/watch?v=rcIE3Gr1_Os","0h1m8s","1738"
"Gore Medical Products Video (1080p)","no","public","https://www.youtube.com/watch?v=NwABTAoQqZw","0h2m31s","568"
"Gore Medical Products Video","no","public","https://www.youtube.com/watch?v=3T99fP6dnaY","0h2m31s","215"
"Clinical benefits and impact on approach to TEVAR","no","public","https://www.youtube.com/watch?v=YHkPq3I47jo","0h4m40s","491"
"TAA: View polytrauma emergency implantation into the aortic arch","no","public","https://www.youtube.com/watch?v=oyb0ollasnA","0h4m1s","365"
"Four Pandemic Pivots Medical Professionals May Want to Keep Post-COVID-19 Pandemic","no","public","https://www.youtube.com/watch?v=YddOB1W1-ms","1h2m56s","69"
"Treating thoracic aorta cases","no","public","https://www.youtube.com/watch?v=RCadC8eVTbc","0h6m58s","275"
"Type B aortic dissection (TBAD) case study","no","public","https://www.youtube.com/watch?v=HzdrXdCf8Ls","0h11m38s","2347"
"Having conversations with cardiovascular patients during COVID-19 crisis","no","public","https://www.youtube.com/watch?v=1A7GwllMQCY","1h2m32s","71"
"Supporting physician wellness during the COVID-19 crisis","no","public","https://www.youtube.com/watch?v=_eJydAfY_9Y","1h2m52s","108"
"Considerations in resuming elective procedures for cardiovascular patients during the pandemic test","no","public","https://www.youtube.com/watch?v=Ox0lvL1_6lM","0h59m37s","309"
"Surgical technique: Retromuscular onlay hernia repair using GORE® ENFORM Preperitoneal Biomaterial","yes","public","https://www.youtube.com/watch?v=Il1VvDHFMSs","0h4m33s","296"
"Surgical technique: Retromuscular hernia repair using GORE® ENFORM Preperitoneal Biomaterial","yes","public","https://www.youtube.com/watch?v=nEf0JN2V1-k","0h5m54s","546"
"Surgical tech: RM hernia repair, GORE® SYNECOR Preperitoneal Biomaterial with transfascial sutures","yes","public","https://www.youtube.com/watch?v=CQ2lDwSNhU0","0h5m59s","377"
"RM hernia repair, GORE® SYNECOR Preperitoneal Biomaterial with transfascial sutures - condensed","no","public","https://www.youtube.com/watch?v=JJRlm_woBos","0h3m8s","363"
"Surgical tech: Retromuscular hernia repair with GORE® ENFORM Preperitoneal Biomaterial – condensed","yes","unlisted","https://www.youtube.com/watch?v=zAU0VhoOM1w","0h2m51s","130"
"Surgical technique: Posterior sheath mobilization for retromuscular hernia repair","yes","public","https://www.youtube.com/watch?v=buu9qixGRlI","0h3m35s","494"
"Surgical technique: Posterior sheath mobilization for retromuscular hernia repair  – condensed","yes","public","https://www.youtube.com/watch?v=62WVsG1gBfc","0h2m2s","289"
"Our unshakable drive to make a meaningful difference","no","public","https://www.youtube.com/watch?v=uhmECzqKJPk","0h1m1s","2226"
"View physicians sharing their experiences with a new delivery system for a TEVAR stent graft","no","public","https://www.youtube.com/watch?v=xXMBvWINsaQ","0h7m4s","763"
"Physician shares 2 years' experience with new delivery system and patient treatment impact for TEVAR","no","public","https://www.youtube.com/watch?v=vhfOdydEXeg","0h6m3s","323"
"Together, improving life - Gore Medical","no","public","https://www.youtube.com/watch?v=1yS104v0iLM","0h2m33s","3924"
"Dialysis access: Treating lesions across the elbow and thrombosed grafts","no","public","https://www.youtube.com/watch?v=yFnHPfivovw","0h3m39s","344"
"View two live cases using the GORE® TAG® Conformable Thoracic Stent Graft with ACTIVE CONTROL System","yes","public","https://www.youtube.com/watch?v=66kr6actdQ4","0h3m15s","3104"
"John Grieco's aneurysms and aneurysm repair  - GORE® EXCLUDER® Iliac Branch Endoprosthesis","no","public","https://www.youtube.com/watch?v=m-HrKweGSAc","0h4m37s","594"
"A value case study featuring GORE® BIO-A® tissue reinforcement for hernia repair","no","public","https://www.youtube.com/watch?v=CTMGL06ooRs","0h1m3s","520"
"To close or not to close? Ischemic stroke and PFO case study featuring John F. Rhodes, M.D.","no","public","https://www.youtube.com/watch?v=AiHhFg8WiBA","0h1m49s","379"
"Why a 25-year legacy matters today","no","unlisted","https://www.youtube.com/watch?v=a5hlaLSpFeE","0h2m6s","7"
"Innovation with GORE® C3® Delivery System","no","public","https://www.youtube.com/watch?v=-GPGT9dS3Uc","0h4m16s","101"
"Treating In-Stent Restenosis: Carl’s Story","no","public","https://www.youtube.com/watch?v=FFfkzDmdMrQ","0h5m26s","134"
"Animation: GORE® ACTIVE CONTROL System","no","unlisted","https://www.youtube.com/watch?v=DtlRB8NfHZU","0h1m1s","2"
"Animation of GORE® EXCLUDER® Conformable AAA Endoprosthesis with ACTIVE CONTROL System","no","unlisted","https://www.youtube.com/watch?v=UZjOBK7ZBoM","0h1m14s","16"
"Conformability of the GORE® TAG® Conformable Thoracic Stent Graft with ACTIVE CONTROL System","no","unlisted","https://www.youtube.com/watch?v=KbSPXK3VvAY","0h0m20s","14"
"Preservation Matters ALWAYS","no","unlisted","https://www.youtube.com/watch?v=yXr4IQqgWXc","0h0m48s","8"
"Suture Break Video ENFORM","no","public","https://www.youtube.com/watch?v=l-VMsHdW6Mo","0h0m44s","106"
"Should you close a PFO with a small shunt and no atrial septal aneurysm?","no","unlisted","https://www.youtube.com/watch?v=eJMzmEGoCRw","0h1m41s","0"
"How to create a PFO program","no","unlisted","https://www.youtube.com/watch?v=dt1-jofI94I","0h15m34s","3"
"Hemodynamic Flow Animation","no","public","https://www.youtube.com/watch?v=1_V1-6rqMc0","0h2m3s","537"
"GORE® CARDIOFORM ASD Occluder implant in a large secundum ASD and deficient retro-aortic rim","no","public","https://www.youtube.com/watch?v=DqR7LGteRPI","0h12m33s","334"
"GORE® CARDIOFORM ASD Occluder implant in an oval secundum ASD","no","public","https://www.youtube.com/watch?v=oeVjZ_bFGic","0h14m11s","303"
"LVAD implantation in conjunction with GORE® PRECLUDE® Pericardial Membrane to repair the pericardium","yes","public","https://www.youtube.com/watch?v=TLlCLCfv8qs","0h3m31s","82"
"Animation - GORE® VIATORR® TIPS Endoprosthesis Deployment","no","public","https://www.youtube.com/watch?v=sgRm6szVuRg","0h2m32s","1086"
"BBC/MedTech patient story","no","unlisted","https://www.youtube.com/watch?v=nFCvs4YA2yo","0h0m47s","2"
"Why Oversizing Windows Matter","no","public","https://www.youtube.com/watch?v=dx5Z8fwKepA","0h2m22s","293"
"Is your stroke patient a candidate for PFO closure?","no","public","https://www.youtube.com/watch?v=opz9J7rKO-g","0h1m44s","152"
"Case study: To close or not to close? 70-year-old male","no","public","https://www.youtube.com/watch?v=HLsDCyWSHY8","0h1m28s","94"
"Case Study: Treating Severe Aortoiliac Occlusive Disease (AIOD) at the Aortic Bifurcation","no","public","https://www.youtube.com/watch?v=qwECLjjAbsM","0h2m7s","211"
"25 years of AAA treatment innovation","no","unlisted","https://www.youtube.com/watch?v=CgKmZ7tz3FY","0h1m41s","51"
"図3b バイアバーン®ステントグラフト留置後_22649460-JA","no","unlisted","https://www.youtube.com/watch?v=eqOaGI6-lq0","0h0m8s","12"
"Releasing the GORE® CARDIOFORM Septal Occluder","no","unlisted","https://www.youtube.com/watch?v=AIiZHq9Mt6M","0h0m24s","18"
"Locking the GORE® CARDIOFORM Septal Occluder","no","unlisted","https://www.youtube.com/watch?v=MEbFm0Al1YQ","0h0m9s","8"
"Deploying the GORE® CARDIOFORM Septal Occluder","no","unlisted","https://www.youtube.com/watch?v=uaWOEdE78BI","0h0m31s","48"
"GORE® VIABIL® Biliary Endoprosthesis - Percutaneous placement video","no","public","https://www.youtube.com/watch?v=NqDmWc627q0","0h4m14s","551"
"Dr. Milner EVAR 5 年成績アップデート動画_22763179-JA","no","unlisted","https://www.youtube.com/watch?v=WYyXImILTYA","0h4m42s","26"
"ゴア® エクスクルーダー® コンフォーマブルAAAステントグラフトシステム 25周年記念動画_22739469-JA","no","unlisted","https://www.youtube.com/watch?v=g4LBQEr9Vx4","0h1m20s","101"
"ゴア® エクスクルーダー® IBE 留置動画_22469200-JA","no","unlisted","https://www.youtube.com/watch?v=dGVnnNScrYQ","0h2m17s","597"
"Don't miss the Gore Vascular Mastery eCampus","no","unlisted","https://www.youtube.com/watch?v=O71mRkkXhWg","0h0m21s","3"
"Join the Gore Vascular Mastery eCampus 2022","no","unlisted","https://www.youtube.com/watch?v=yjgPYvhfLDM","0h0m21s","4"
"Synecor Preperitoneal SNAP Video","no","public","https://www.youtube.com/watch?v=C_DHEwo5FZk","0h2m44s","121"
"ゴア🄬 バイアバーン🄬 ステントグラフト PAD 手技アニメーション","no","unlisted","https://www.youtube.com/watch?v=A4JC01fwd2o","0h2m25s","1381"
"ゴア® エクスクルーダー® ステントグラフト グローバル発売25周年 Dr. Milner コメント","no","unlisted","https://www.youtube.com/watch?v=uh2K3VvWWag","0h0m31s","20"
"Thoracic branch animation","no","public","https://www.youtube.com/watch?v=C1VTRaqq5m0","0h1m43s","3355"
"Madrid posterior component separation technique","yes","public","https://www.youtube.com/watch?v=dB2UUnMujzM","0h9m7s","288"
"MPD Digital Selling Hub Overview","no","unlisted","https://www.youtube.com/watch?v=hByIoosliSM","0h2m4s","29"
"AVG作製の手術手技動画","yes","unlisted","https://www.youtube.com/watch?v=7J7gUD1fMYo","0h10m30s","40"
"Prevention and management of HE in the TIPS patient","no","unlisted","https://www.youtube.com/watch?v=GjC2sD81Z2g","0h49m57s","6"
"GORE® VIABAHN® Endoprosthesis Patient Story Video - In-stent Restenosis - 3-minute version","no","public","https://www.youtube.com/watch?v=TOVJRlCjRIk","0h3m19s","410"
"ゴア® エクスクルーダー® コンフォーマブル AAAステントグラフト アクティブコントロールシステム留置動画","no","unlisted","https://www.youtube.com/watch?v=opnQb0WSq7Y","0h1m15s","629"
"Why to join our Gore Vascular Mastery eCampus online training for early career physicians","no","unlisted","https://www.youtube.com/watch?v=VHfWKqApLCc","0h2m4s","160"
"ゴア® エクスクルーダー® IBE留置動画","no","unlisted","https://www.youtube.com/watch?v=H4Ty5f9YEmM","0h2m17s","2"
"Why to join our Gore Vascular Mastery eCampus online training for early career physicians","no","unlisted","https://www.youtube.com/watch?v=EWr1WcQiSTE","0h2m4s","20"
"Why to join our Gore Vascular Mastery eCampus online training for early career physicians","no","unlisted","https://www.youtube.com/watch?v=M0wSV_IYe6o","0h2m4s","3"
"ゴア® カーディオフォーム セプタルオクルーダー留置動画","no","unlisted","https://www.youtube.com/watch?v=vDj284UCLHE","0h1m13s","208"
"ゴア® TAG® コンフォーマブル 胸部大動脈ステントグラフト アクティブコントロールシステム留置動画","no","unlisted","https://www.youtube.com/watch?v=MmAxhEk3Vbs","0h1m12s","342"
"ゴア® エクスクルーダー® ステントグラフト留置動画","no","unlisted","https://www.youtube.com/watch?v=o8nLO23_tso","0h1m25s","665"
"ゴア® ドライシール フレックス イントロデューサシース 製品紹介動画","no","unlisted","https://www.youtube.com/watch?v=k8hXUBTBXJc","0h0m45s","852"
"Complex PFO Closure with Matthew Price, M. D.","no","public","https://www.youtube.com/watch?v=wHdL3Wv7cC0","0h7m33s","416"
"CBAS® Heparin Surface紹介","no","unlisted","https://www.youtube.com/watch?v=nd_UZ2U0MpM","0h0m27s","95"
"ゴア🄬 バイアバーン🄬 ステントグラフト PAD 手技アニメーション","no","unlisted","https://www.youtube.com/watch?v=b8cVPf5voDI","0h0m26s","154"
"ゴア® バイアバーン® デバイスファミリー紹介","no","unlisted","https://www.youtube.com/watch?v=4vQohXOJYbs","0h1m16s","817"
"ゴア® エクスクルーダー® IBE（A.L.W.A.Y.S.）説明","no","unlisted","https://www.youtube.com/watch?v=__g38GL7A3c","0h0m48s","256"
"ゴアⓇ カーディオフォーム ASDオクルーダー留置アニメーション","no","unlisted","https://www.youtube.com/watch?v=WCcin7ldtFY","0h1m7s","422"
"ゴアⓇ カーディオフォーム ASDオクルーダー ケースレポート動画（Dr. Morgan）","no","unlisted","https://www.youtube.com/watch?v=RDbH9g_Czg4","0h9m14s","182"
"ゴア® TAG® コンフォーマブル 胸部大動脈ステントグラフト アクティブコントロールシステム製品紹介（2分）","no","unlisted","https://www.youtube.com/watch?v=WXN8PS0qvQo","0h2m9s","31"
"ゴア® TAG® コンフォーマブル 胸部大動脈ステントグラフト アクティブコントロールシステム製品紹介（30秒）","no","unlisted","https://www.youtube.com/watch?v=g0zAMB8cp2U","0h0m31s","228"
"ゴア® TAG® コンフォーマブル 胸部大動脈ステントグラフト アクティブコントロールシステム オーバーサイジング アニメーション","no","unlisted","https://www.youtube.com/watch?v=ASANAQ8sgFw","0h2m36s","104"
"ゴア® TAG® コンフォーマブル 胸部大動脈ステントグラフト アクティブコントロールシステム 留置手順","no","unlisted","https://www.youtube.com/watch?v=oCW9xBkfjoI","0h14m14s","51"
"ゴア® TAG® コンフォーマブル 胸部大動脈ステントグラフト アクティブコントロールシステム 留置アニメーション","no","unlisted","https://www.youtube.com/watch?v=xOrCYvrb4f8","0h1m12s","33"
"Dr. Ross Milner（米国のGREATレジストリ責任医師）インタビュー","no","unlisted","https://www.youtube.com/watch?v=KMnPQl_wh_Y","0h4m58s","25"
"EXCLUDER mini animation","no","unlisted","https://www.youtube.com/watch?v=G3v58kKhJ9U","0h0m39s","179"
"Peer-reviewed RTB video","no","unlisted","https://www.youtube.com/watch?v=Sk6QltMVkXI","0h0m31s","19"
"Abdominal ACTIVE CONTROL Animation","no","public","https://www.youtube.com/watch?v=Grhac3SOh14","0h1m15s","2800"
"Update on five-year EVAR outcomes from GREAT","no","public","https://www.youtube.com/watch?v=vdejfzDhtbU","0h4m42s","83"
"Patient Story","no","public","https://www.youtube.com/watch?v=xJLQEJPcffQ","0h4m45s","363"
"Abdominal Aortic Timeline","no","public","https://www.youtube.com/watch?v=FkjmfOvtZyU","0h1m19s","512"
"GORE® EXCLUDER® Conformable AAA Endoprosthesis with ACTIVE CONTROL System","no","unlisted","https://www.youtube.com/watch?v=0atPewc5aZM","0h1m7s","0"
"Patient Quality of live in abdominal wall reconstruction and the impact of innovative biomaterials","yes","public","https://www.youtube.com/watch?v=wQXNikoPmSM","0h58m23s","25"
"Timeline Video Aortic Portfolio","no","unlisted","https://www.youtube.com/watch?v=6ttlgYuq1bg","0h1m31s","2"
"We're your aortic ally","no","public","https://www.youtube.com/watch?v=HhPloAod2mw","0h2m12s","771"
"Laparoscopic fixation of GORE® SYNECOR Biomaterial in a Cadaver Model-Karl A. LeBlanc, MD, FACS","no","unlisted","https://www.youtube.com/watch?v=V1HuwULkoB4","0h1m42s","3"
"Restoring Durable AV Graft Flow Upon Diagnosis of Recoil Post-PTA Case Study Video","no","public","https://www.youtube.com/watch?v=GGc25KjgXeE","0h2m1s","90"
"Laparaoscopic Ventral Hernia Repair using GORE® SYNECOR® Biomaterial - Carl R. Doerhoff, MD, FACS","yes","unlisted","https://www.youtube.com/watch?v=3k3bK2AcMWA","0h5m29s","2"
"AV0243-EN1 Laparoscopic Fixation of GORE® SYNECOR Biomaterial in a Cadaver Model using a Robotic Arm","yes","unlisted","https://www.youtube.com/watch?v=8Im8d55oAh8","0h3m16s","4"
"Bioabsorbable Staple Line Reinforcement in Laparoscopic Sleeve Gastrectomy","yes","unlisted","https://www.youtube.com/watch?v=4BVnJ_guBNc","0h9m32s","1"
"Case video: Saccular aneurysm with suspicion of contained rupture","no","unlisted","https://www.youtube.com/watch?v=xVDndlYgD6k","0h2m54s","2"
"Loading Instructions for SEAMGUARD Bioabsorbable Staple Line Reinforcement Configured for Endoscopic","no","unlisted","https://www.youtube.com/watch?v=7fLmnPeMzUc","0h1m33s","193"
"Configured for Endoscopic Staplers","no","unlisted","https://www.youtube.com/watch?v=T9PU3N8luzk","0h1m53s","4"
"Configured for Open Surgical Staplers","no","unlisted","https://www.youtube.com/watch?v=F5dKNeQ8AY0","0h2m29s","7"
"Deployment of GORE® CARDIOFORM ASD Occluder","no","unlisted","https://www.youtube.com/watch?v=djaJmy9Clak","0h0m27s","1"
"Deployment of GORE® CARDIOFORM Septal Occluder","no","unlisted","https://www.youtube.com/watch?v=_pCyYTY9Qn4","0h0m46s","1"
"Dr. Ross Milner discusses the GREAT study","no","unlisted","https://www.youtube.com/watch?v=CIw8qZjr6Ow","0h4m52s","1"
"Endoscopic Staplers in Roux-En-Y Gastric Bypass Surgery","yes","unlisted","https://www.youtube.com/watch?v=_fAxG84Tt54","0h5m59s","1"
"Gore® BIO-A® Tissue Reinforcement - Materials Matter","no","unlisted","https://www.youtube.com/watch?v=_ezwTI2Mz3Y","0h1m1s","1"
"GORE® BIO-A® Tissue Reinforcement Case Study Animation","no","unlisted","https://www.youtube.com/watch?v=AaZSw73hOWk","0h1m3s","1"
"Ileostomy Closure with Mesh Reinforcement using GORE® BIO-A® Tissue Reinforcement","yes","unlisted","https://www.youtube.com/watch?v=7pA1Gd4Mepo","0h3m7s","1"
"Is your stroke patient a candidate for PFO closure?","no","unlisted","https://www.youtube.com/watch?v=AkhebmVfoJQ","0h1m44s","1"
"Laparoscopic Distal Pancreatectomy","yes","unlisted","https://www.youtube.com/watch?v=zJMZBQYWEG4","0h7m6s","1"
"Laparoscopic Gastric Bypass Using GORE® SEAMGUARD® and GORE® BIO-A® Tissue Reinforcement","yes","unlisted","https://www.youtube.com/watch?v=sPHyu8_HjJ4","0h8m34s","4"
"Laparoscopic Sleeve Gastrectomy","yes","unlisted","https://www.youtube.com/watch?v=nGtG4WC_Pf0","0h4m56s","1"
"Locking of GORE® CARDIOFORM ASD Occluder","no","unlisted","https://www.youtube.com/watch?v=DPYgX2SBY0Q","0h0m11s","1"
"Locking of GORE® CARDIOFORM Septal Occluder","no","unlisted","https://www.youtube.com/watch?v=FyQlyE0hZ9M","0h0m24s","1"
"Patient Video: GORE® BIO-A® Web Technlogy Innovation","no","unlisted","https://www.youtube.com/watch?v=IiKjwO2hcFY","0h2m10s","2"
"PFO Closure workup: Atrial Fibrillation monitoring prior to PFO Closure","no","unlisted","https://www.youtube.com/watch?v=t5M0-l09o_k","0h7m58s","1"
"Post PFO Closure Atrial Fibrillation Management","no","unlisted","https://www.youtube.com/watch?v=cYTp__kMKZI","0h3m16s","1"
"Posterior Component Separation Technique for Ventral Hernia Repair GORE® BIO-A® Tissue Reinforcement","yes","unlisted","https://www.youtube.com/watch?v=4a8gte5s6m0","0h10m39s","1"
"Release of GORE® CARDIOFORM ASD Occluder","no","unlisted","https://www.youtube.com/watch?v=TlPYiJngsik","0h0m13s","2"
"Release of GORE® CARDIOFORM Septal Occluder","no","unlisted","https://www.youtube.com/watch?v=2Bdp7JYG4FI","0h0m38s","2"
"Repositioning of GORE® CARDIOFORM ASD Occluder","no","unlisted","https://www.youtube.com/watch?v=E7oYeooJuco","0h0m22s","2"
"Repositioning of GORE® CARDIOFORM Septal Occluder","no","unlisted","https://www.youtube.com/watch?v=lpj4Ih3IQUE","0h0m35s","2"
"Retrieval of GORE® CARDIOFORM ASD Occluder","no","unlisted","https://www.youtube.com/watch?v=L1REhJ0fC7E","0h0m33s","2"
"Retrieval of GORE® CARDIOFORM Septal Occluder","no","unlisted","https://www.youtube.com/watch?v=iWpVXRfAR64","0h0m32s","2"
"Should you close a PFO with a small shunt and no atrial septal aneurysm?","no","unlisted","https://www.youtube.com/watch?v=RY-O4stEvEc","0h1m41s","2"
"Surgical Tech: RM hernia repair, GORE® SYNECOR Preperitoneal Biomaterial with transfascial sutures","yes","unlisted","https://www.youtube.com/watch?v=QxDrhNNloIw","0h5m59s","2"
"To close or not to close? PFO-stroke case study of 20-year-old female","no","unlisted","https://www.youtube.com/watch?v=oW5aj01AMqk","0h1m34s","2"
"To close or not to close? PFO-stroke case study of 58-year-old female","no","unlisted","https://www.youtube.com/watch?v=d0Z8pmu7FwU","0h1m40s","2"
"To close or not to close? PFO-stroke case study of 70-year-old male","no","unlisted","https://www.youtube.com/watch?v=hmrEQbEnOK4","0h1m28s","2"
"Use in Band to Gastric Sleeve Conversion -- Michel Gagner, MD","yes","unlisted","https://www.youtube.com/watch?v=SuLd54yAISM","0h8m11s","1"
"Use in Laparoscopic Sleeve Gastrectomy -- Michel Gagner, MD","yes","unlisted","https://www.youtube.com/watch?v=Er2RtHWl4nI","0h6m16s","1"
"VBX AU promotional video","no","unlisted","https://www.youtube.com/watch?v=Es2wMG9CIWU","0h3m23s","2"
"Vental Hernia Repair Using the Components Separation Technique","yes","unlisted","https://www.youtube.com/watch?v=S4N-fY3BZtM","0h10m3s","2"
"Ventral Hernia Repair Using the Components Separation Technique--Brent Matthews, MD, FACS","yes","unlisted","https://www.youtube.com/watch?v=qpAl4FnyDDA","0h10m3s","2"
"What defines conformability with TEVAR","no","public","https://www.youtube.com/watch?v=LZ2ew-6ThT4","0h0m22s","114"
"Internal iliac artery preservation","no","public","https://www.youtube.com/watch?v=q6Uk34tbUWw","0h2m23s","152"
"IBE Mini Animation","no","public","https://www.youtube.com/watch?v=sPMxb9SD6aI","0h1m26s","1718"
"Buttressing on Robotic Staplers","no","public","https://www.youtube.com/watch?v=t4OHAqv8A0M","0h3m11s","25"
"Creating the Future for Vascular Care","no","public","https://www.youtube.com/watch?v=35-aVtftILk","0h2m20s","333"
"Innovation You Can Rely On","no","public","https://www.youtube.com/watch?v=kGQejiGk5Wk","0h1m1s","153"
"Patients Are Waiting For the Next Medical Advance","no","public","https://www.youtube.com/watch?v=2CoOuS_lI3E","0h1m9s","206"
"Moving Healthcare Forward Together","no","public","https://www.youtube.com/watch?v=e5lYoD5Sv9o","0h0m44s","185"
"TEVAR Case & Panel Discussion","no","unlisted","https://www.youtube.com/watch?v=RsHWiJTyydY","1h14m46s","2"
"Chapter 1: Introduction","no","unlisted","https://www.youtube.com/watch?v=Vevv4CO1I94","0h1m46s","3"
"1_ゴア® バイアバーン® ステントグラフト_術前造影画像(Lt.SFA)_2145376-JA","no","unlisted","https://www.youtube.com/watch?v=WUmAXeRke9g","0h0m17s","2"
"1_治療前造影_2149745-JA","no","unlisted","https://www.youtube.com/watch?v=40QniYHeFBg","0h0m16s","1"
"2_ゴア® バイアバーン® ステントグラフト_術後造影画像(Lt.SFA)_2145376-JA","no","unlisted","https://www.youtube.com/watch?v=0LMdvw_TdkQ","0h0m15s","2"
"3_ゴア® バイアバーン® ステントグラフト_術前造影画像(Rt.SFA)_2145376-JA","no","unlisted","https://www.youtube.com/watch?v=yX8S7zMj110","0h0m11s","2"
"3_バルーン後 IVUS_2149745-JA","no","unlisted","https://www.youtube.com/watch?v=MRHCfov7Suc","0h0m30s","2"
"3DCTローテーション動画_JP_AC_2147327-JA","no","unlisted","https://www.youtube.com/watch?v=lsvKrNH07YI","0h0m19s","20"
"4_ゴア® バイアバーン® ステントグラフト_術後造影画像(Rt.SFA)_2145376-JA","no","unlisted","https://www.youtube.com/watch?v=UmtWlpW5s_Q","0h0m15s","2"
"4_ゴア® バイアバーン® ステントグラフト留置_2149745-JA","no","unlisted","https://www.youtube.com/watch?v=vsdssuyqVf8","0h0m25s","2"
"5_最終 IVUS_2149745-JA","no","unlisted","https://www.youtube.com/watch?v=oR315mMLoSU","0h0m30s","2"
"5_術後 3 年時フォローアップ造影(Bil.SFA)_2145376-JA","no","unlisted","https://www.youtube.com/watch?v=FvDaTZsRJ28","0h0m13s","1"
"6_最終造影_2149745-JA","no","unlisted","https://www.youtube.com/watch?v=3qNOm0WS4b4","0h0m15s","1"
"市立函館病院 新垣先生_バイアバーン® ステントグラフト留置動画_21168778-JA","no","unlisted","https://www.youtube.com/watch?v=x19SJQxG3ok","0h0m54s","12"
"山梨大学医学部附属病院 深澤先生_バイアバーン® ステントグラフト留置動画_21249711-JA & 21289445-JA","no","unlisted","https://www.youtube.com/watch?v=QnExemeaCh8","0h0m53s","3"
"岐阜県立多治見病院_バイアバーン® ステントグラフト留置動画_2149745-JA","no","unlisted","https://www.youtube.com/watch?v=3BscVgnXpbI","0h0m52s","10"
"デバイス展開動画(完全拡張後ver)_JP_AC_2147327-JA","no","unlisted","https://www.youtube.com/watch?v=uTgfzynfpkM","0h1m25s","9"
"デバイス展開動画_JP_AC_21216802-JA","no","unlisted","https://www.youtube.com/watch?v=1Zqlb_d67nI","0h1m13s","7"
"デバイス展開動画_JP_AC_AZ1351-JA1","no","unlisted","https://www.youtube.com/watch?v=WNxvs_loITk","0h0m48s","12"
"デバイス展開動画_JP_AC_AZ1458-JA1","no","unlisted","https://www.youtube.com/watch?v=yEKj0U-THfo","0h0m40s","13"
"デバイス展開とアンギュレーションコントロール_JP_AC_AZ0617-JA1","no","unlisted","https://www.youtube.com/watch?v=66wGcLhZgbU","0h0m54s","13"
"京都第二赤十字病院 椿本先生_バイアバーン® ステントグラフト留置動画_21141100-JA","no","unlisted","https://www.youtube.com/watch?v=SoN-jiC83-o","0h0m39s","13"
"Aortic Ally FSA Stories from the Field with Captions","no","unlisted","https://www.youtube.com/watch?v=mjDQuflgKIk","0h1m50s","1"
"Case Planning for Heavy Calcified AIOD","no","unlisted","https://www.youtube.com/watch?v=pHAaJLHDTwk","0h1m4s","0"
"AV1735EN2.CADS.Animation FNL","no","unlisted","https://www.youtube.com/watch?v=wxigC8sqaxw","0h0m58s","2"
"AW1763-EN1 VSX Flexibility Comparison.FinalMR","no","unlisted","https://www.youtube.com/watch?v=qZGNFgmk-1o","0h1m14s","2"
"AZ0038-EN1-VTR-Video-FNL","no","unlisted","https://www.youtube.com/watch?v=oCeMfff8ffw","0h1m12s","2"
"AZ1408-EN1 - TIPS Guidelines - Evidence and Use","no","unlisted","https://www.youtube.com/watch?v=2AlhiZDEVag","0h5m34s","2"
"AZ1409-EN1 - Patient Selection for TIPS","no","unlisted","https://www.youtube.com/watch?v=_7RPHfG_Wxk","0h2m40s","3"
"AZ1410-EN1 - ALTA Consortium","no","unlisted","https://www.youtube.com/watch?v=LBrhDGVTTU8","0h1m48s","2"
"AZ1754-EN1-VTRCX-Video-FNL","no","unlisted","https://www.youtube.com/watch?v=wE7NMcgGAgU","0h58mNaNs","6"
"福岡和白病院_バイアバーン® ステントグラフト留置動画_2166006-JA","no","unlisted","https://www.youtube.com/watch?v=o3uhIfTX8No","0h1m49s","10"
"第 29 回日本心血管インターベンション治療学会: CVIT 2020 ランチョンセミナー 29","no","unlisted","https://www.youtube.com/watch?v=8JQuSjOhaZk","0h44m23s","2"
"第 29 回日本心血管インターベンション治療学会: CVIT 2020 ランチョンセミナー 29","no","unlisted","https://www.youtube.com/watch?v=55vjWUwNXhg","0h44m23s","2"
"Chapter 2: What is AAA?","no","unlisted","https://www.youtube.com/watch?v=6WuhsI2w_GA","0h2m17s","1"
"Chapter 3: Medical Treatment","no","unlisted","https://www.youtube.com/watch?v=k5Q-1_5vQa4","0h1m20s","1"
"Chapter 4: Open Surgical Treatment","no","unlisted","https://www.youtube.com/watch?v=7zoAyLOGOPU","0h2m16s","1"
"Chapter 5: Endovascular Repair","no","unlisted","https://www.youtube.com/watch?v=Ou_1_Flfjow","0h3m27s","1"
"Chapter 6: Open vs. Endovascular","no","unlisted","https://www.youtube.com/watch?v=GbXzNSK3AzQ","0h2m22s","1"
"Chapter 7: Where is the Treatment Done?","no","unlisted","https://www.youtube.com/watch?v=qGnFBKetdAo","0h0m48s","1"
"Chapter 8: Questions to Ask My Doctor","no","unlisted","https://www.youtube.com/watch?v=G3Tj-Kuwv7Y","0h1m55s","1"
"Loading Instructions for SEAMGUARD Bioabsorbable Staple Line Reinforcement Configured for Circular S","no","public","https://www.youtube.com/watch?v=0-Izs2g-XzQ","0h3m22s","360"
"Case Planning for Challenging Thoracic Anatomy","no","unlisted","https://www.youtube.com/watch?v=SYSC1pfOFcc","1h2m36s","2"
"Daniel Sze, M.D., presents at Society of Interventional Radiology (SIR)","no","unlisted","https://www.youtube.com/watch?v=mMTT3qr2j_o","0h17m31s","1"
"Deployment Animation","no","unlisted","https://www.youtube.com/watch?v=YTjC9KCKLSI","0h1m15s","2"
"Dr. Elizabeth C. Verna at Digestive Disease Week (DDW) 2019","no","unlisted","https://www.youtube.com/watch?v=ucMZTMi_uRY","0h12m46s","2"
"Dr. Michael B. Fallon at Digetive Disease Week (DDW) 2019","no","unlisted","https://www.youtube.com/watch?v=O5vcu1BrgiU","0h16m39s","1"
"Peripheral Arterial Disease Educating Care Teams","no","unlisted","https://www.youtube.com/watch?v=ZMlpIYdDCI8","0h44m20s","0"
"術前ローテーション動画_JP_AC_AZ1458-JA1","no","unlisted","https://www.youtube.com/watch?v=kZu-VNyQNV4","0h0m7s","4"
"術前術後CT動画_JP_AC_21216802-JA","no","unlisted","https://www.youtube.com/watch?v=2TA9iESb65Q","0h0m20s","4"
"術前術後CT動画_JP_AC_2147327-JA","no","unlisted","https://www.youtube.com/watch?v=-O68QXdSUUA","0h0m27s","5"
"術前３DCTローテーション_JP_AC_21216802-JA","no","unlisted","https://www.youtube.com/watch?v=F9Bo-Rn06SU","0h0m19s","20"
"術後3DCTローテーション_JP_AC_21216802-JA","no","unlisted","https://www.youtube.com/watch?v=ksEqkUt9aCc","0h0m19s","6"
"術後半年CT動画_JP_AC_21216802-JA","no","unlisted","https://www.youtube.com/watch?v=qsPRwI3LnPo","0h0m10s","4"
"Case Planning for Bilateral Aortoiliac Disease","no","unlisted","https://www.youtube.com/watch?v=jaZKgCFCiPE","0h52m28s","0"
"術後ローテーション動画_JP_AC_AZ1458-JA1","no","unlisted","https://www.youtube.com/watch?v=Vxmlhf0QiIQ","0h0m7s","5"
"近森病院_バイアバーン® ステントグラフト留置動画_2145376-JA","no","unlisted","https://www.youtube.com/watch?v=xKOLnTYsKtM","0h1m14s","18"
"Managing Patients with Thoracic Dissection","no","unlisted","https://www.youtube.com/watch?v=3Dj-20szoik","0h51m11s","3"
"GORE® CARDIOFORM Occluder Family: safety and efficacy  in PFO and ASD closure","no","unlisted","https://www.youtube.com/watch?v=S_YL4TRGkvE","0h4m52s","1"
"GORE® EXCLUDER® Iliac Branch Endoprosthesis","no","unlisted","https://www.youtube.com/watch?v=E6BCAzH6Ig0","0h2m1s","9"
"GORE® VIATORR® TIPS Endoprosthesis with Controlled Expansion 20 Years","no","unlisted","https://www.youtube.com/watch?v=J5m0erMtRBs","0h1m12s","1"
"Working as a Team to Improve Patient Outcomes","no","unlisted","https://www.youtube.com/watch?v=SNWfszCb5p4","0h41m16s","0"
"Vascular Futures Presentation","no","unlisted","https://www.youtube.com/watch?v=ufVJoqhEO3Y","0h2m20s","15"
"Michael D. Darcy, M.D., interventional radiologist perspective managing hepatic encephalopathy (HE)","no","unlisted","https://www.youtube.com/watch?v=FxPG2GYWKEI","0h49m57s","2"
"Portal Hypertension- Dr. Fortune - Collaboration between interventional radiology and hepatology","no","unlisted","https://www.youtube.com/watch?v=lU0wio3v-r4","0h22m56s","1"
"Stephen T. Kee, MD","no","unlisted","https://www.youtube.com/watch?v=y-kfUIDWxFQ","0h15m19s","2"
"The case for PFO closure","no","unlisted","https://www.youtube.com/watch?v=Eb6szfsFH6g","0h1m32s","2"
"深澤先生 バイアバーン🄬ステントグラフト留置動画","no","unlisted","https://www.youtube.com/watch?v=lX_JPlFQjiQ","0h0m53s","19"
"TERUMO® RELAY® Pro Thoracic Stent Graft Spring Back Video","no","unlisted","https://www.youtube.com/watch?v=Qdz0VLCC2PA","0h0m20s","3"
"TERUMO® RELAY® Plus Thoracic Stent Graft Spring Back Video","no","unlisted","https://www.youtube.com/watch?v=G-2XYUCMMHU","0h0m20s","1"
"COOK® ZENITH® TX2® TAA Endovascular Graft Spring Back Video","no","unlisted","https://www.youtube.com/watch?v=K2_m2nGaFS4","0h0m20s","5"
"COOK® ZENITH® ALPHA TAA Thoracic Stent Graft Spring Back Video","no","unlisted","https://www.youtube.com/watch?v=CBon8TapxyE","0h0m20s","13"
"MEDTRONIC VALIANT® Thoracic Stent Graft with CAPTIVA® Delivery System Spring Back Video","no","unlisted","https://www.youtube.com/watch?v=jhn-GFf9xTk","0h0m20s","29"
"GORE® TAG® Conformable Thoracic Stent Graft with ACTIVE CONTROL System Spring Back Video","no","unlisted","https://www.youtube.com/watch?v=lR9FeIqevhY","0h0m13s","25"
"THE SCIENCE BEHIND THE DESIGN-ePTFE","no","unlisted","https://www.youtube.com/watch?v=Yb5M57YqFYQ","0h5m36s","0"
"Overcoming Practice Challenges","no","unlisted","https://www.youtube.com/watch?v=stA2CizVaXc","0h4m22s","1"
"Mentor Experiences and Reflections Part 1","no","unlisted","https://www.youtube.com/watch?v=hNfOSRnZbpE","0h10m16s","1"
"Looking Back","no","unlisted","https://www.youtube.com/watch?v=gpapFO3LmSs","0h4m24s","1"
"Clinical Experience","no","unlisted","https://www.youtube.com/watch?v=rnV3brZJdFw","0h3m50s","0"
"Career Firsts","no","unlisted","https://www.youtube.com/watch?v=jnfnUrr3zZU","0h5m38s","1"
"Mentor Experiences and Reflections Part 2","no","unlisted","https://www.youtube.com/watch?v=Pi8F9aAWQI0","0h8m21s","2"
"Treating TASC C/D Lesions in AIOD","no","unlisted","https://www.youtube.com/watch?v=UFJaXv456pU","0h39m12s","0"
"The Science Behind the Design-Nitinol","no","unlisted","https://www.youtube.com/watch?v=uKu-T1HNJlo","0h3m22s","1"
"THE SCIENCE BEHIND THE DESIGN-GORE® VIABAHN® VBX Balloon Expandable Endoprosthesis","no","unlisted","https://www.youtube.com/watch?v=NCu8iZFH0hg","0h5mNaNs","1"
"THE SCIENCE BEHIND THE DESIGN-GORE® TAG® Conformable Thoracic Stent Graft with ACTIVE CONTROL System","no","unlisted","https://www.youtube.com/watch?v=ZmkMywq_jzI","0h8m50s","3"
"Animation: GORE® BIO-A® Material Technology","no","unlisted","https://www.youtube.com/watch?v=V8SwyK45c0g","0h2m14s","37"
"Para-ileostomy Hernia Repair with GORE® DUALMESH® PLUS Biomaterial","yes","unlisted","https://www.youtube.com/watch?v=WCrutfliCEI","0h5m17s","0"
"Inserting GORE® DUALMESH® Biomaterial Through Port Site During Laparoscopic Incisional Hernia Repair","yes","unlisted","https://www.youtube.com/watch?v=hnr1kASHJr0","0h4m14s","0"
"Modified Open Ventral Hernia Repair, The Ponsky-Lin Technique, with GORE® DUALMESH® Biomaterial","yes","unlisted","https://www.youtube.com/watch?v=wn7NSnmCsbY","0h15m36s","0"
"Open Ventral Hernia Repair with GORE® DUALMESH® PLUS Biomaterial","yes","unlisted","https://www.youtube.com/watch?v=oXAjXDEYfNQ","0h11m10s","1"
"Bonding training for GORE(R) PROPATEN(R) Vascular Graft","no","unlisted","https://www.youtube.com/watch?v=5dUTCipcNWk","0h4m14s","2"
"Why sizing matters","no","unlisted","https://www.youtube.com/watch?v=YL98Gi7hFxc","0h2m22s","3"
"Treatment outcomes","no","unlisted","https://www.youtube.com/watch?v=uT3SF1Au2UA","0h12m46s","0"
"Patient selection for TIPS","no","unlisted","https://www.youtube.com/watch?v=L0VXiFtBf24","0h2m40s","1"
"Prevention & Management of HE in TIPS candidate","no","unlisted","https://www.youtube.com/watch?v=Kj7C1YpYFac","0h49m57s","0"
"Implantation tips for GORE® ACUSEAL Vascular Graft-Tunneling","yes","unlisted","https://www.youtube.com/watch?v=2qXCa1JQlz0","0h1m53s","1"
"Implantation tips for GORE® ACUSEAL Vascular Graft-Venous Anastomosis","yes","unlisted","https://www.youtube.com/watch?v=zfW506dY4w0","0h1m13s","1"
"Implantation tips for GORE® ACUSEAL Vascular Graft-Beveling the Graft","yes","unlisted","https://www.youtube.com/watch?v=WpGNaHx4rcU","0h1m2s","2"
"Implantation tips for GORE® ACUSEAL Vascular Graft-Venotomy","yes","unlisted","https://www.youtube.com/watch?v=sMnYsll-iqY","0h1m5s","2"
"Implantation tips for GORE® ACUSEAL Vascular Graft-Incision Closure","yes","unlisted","https://www.youtube.com/watch?v=asnFitQXF-I","0h0m41s","1"
"AV Access treatment with GORE® ACUSEAL Vascular Graft","yes","unlisted","https://www.youtube.com/watch?v=QqtUPEmxzOc","0h14m46s","2"
"Webinar- Shift in treatment paradigm","no","unlisted","https://www.youtube.com/watch?v=niARGohNwQ4","1h3m23s","0"
"Implantation tips for GORE® ACUSEAL Vascular Graft-Brachial Artery Dissection","yes","unlisted","https://www.youtube.com/watch?v=dwf0uTDMmyQ","0h0m21s","1"
"Product Animation","no","unlisted","https://www.youtube.com/watch?v=z9VryKdX7YQ","0h2m43s","0"
"Implantation tips for GORE® ACUSEAL Vascular Graft- Arterial Anastomosis","yes","unlisted","https://www.youtube.com/watch?v=G9Um_LDhvEo","0h1m20s","1"
"Implantation tips for GORE® ACUSEAL Vascular Graft-Incisions","no","unlisted","https://www.youtube.com/watch?v=ruCPFzA0KYg","0h0m31s","1"
"What Fellows need to know about AV Access","no","unlisted","https://www.youtube.com/watch?v=eO8yo1MgAx8","0h56m37s","3"
"Dialysis Access with GORE(R) VIABHAN(R) Endoprosthesis","no","unlisted","https://www.youtube.com/watch?v=EIeC1_uM0yo","0h3m39s","1"
"AV Access Product Animation","no","unlisted","https://www.youtube.com/watch?v=EnsdEV6f_fQ","0h1mNaNs","1"
"BX Product Animation","no","unlisted","https://www.youtube.com/watch?v=5qbB0WlDIxE","0h1m2s","3"
"Video Assisted Thoracoscopy (VAT) Procedure","yes","unlisted","https://www.youtube.com/watch?v=1BGUPc4SRxg","0h3m54s","4"
"Animation: GORE® BIO-A® Material Technology","no","unlisted","https://www.youtube.com/watch?v=m7VF0osNaPY","0h2m14s","4"
"Inserting GORE® DUALMESH® Biomaterial Through 5mm Port During Laparoscopic Incisional Hernia Repair","yes","unlisted","https://www.youtube.com/watch?v=OOOeTIS0MAk","0h4m14s","1"
"Open Ventral Hernia Repair with GORE® DUALMESH® PLUS Biomaterial","yes","unlisted","https://www.youtube.com/watch?v=vX1pCgYbzLs","0h11m10s","1"
"Paraesophageal Hernia Repair Using GORE® BIO-A® Tissue Reinforcement","yes","unlisted","https://www.youtube.com/watch?v=_UeVth8DVac","0h4m33s","1"
"Para-ileostomy Hernia Repair with GORE® DUALMESH® PLUS Biomaterial","yes","unlisted","https://www.youtube.com/watch?v=k4GqQEPw5d8","0h5m17s","1"
"Modified Open Ventral Hernia Repair, The Ponsky-Lin Technique, with GORE® DUALMESH® Biomaterial","yes","unlisted","https://www.youtube.com/watch?v=2zHUArmuAAg","0h15m36s","1"
"Animation: GORE® VIABAHN® Endoprosthesis","no","unlisted","https://www.youtube.com/watch?v=ZE-JyrPr-vU","0h2m7s","17"
"Laparoscopic Repair of Stomal Hernia with GORE® DUALMESH® PLUS Biomaterial and GORE® BIO-A® LeBlanc","yes","unlisted","https://www.youtube.com/watch?v=S1SbbuvwU6U","0h5m45s","1"
"Animation - GORE® DrySeal Flex Introducer Sheath","no","unlisted","https://www.youtube.com/watch?v=IEZp0ExbCc8","0h0m47s","134"
"The Conceptual Type B Dissection Universe - Introduction","no","unlisted","https://www.youtube.com/watch?v=SxOwp4QHAso","0h11m1s","4"
"The Conceptual Type B Dissection Universe - Chapter 4","no","unlisted","https://www.youtube.com/watch?v=Onh8u8-fPH4","0h14m21s","4"
"The Conceptual Type B Dissection Universe - Chapter 2","yes","unlisted","https://www.youtube.com/watch?v=LC0mdr0eHI8","0h4m50s","1"
"The Conceptual Type B Dissection Universe - Chapter 3","no","unlisted","https://www.youtube.com/watch?v=OMEJqknBfkY","0h13m53s","3"
"GORE® CARDIOFORM Septal Occluder PFO Animation","no","unlisted","https://www.youtube.com/watch?v=bEtbyWeM8oI","0h1m9s","173"
"The Conceptual Type B Dissection Universe - Chapter 1","no","unlisted","https://www.youtube.com/watch?v=9W2Cs68L4TA","0h30m54s","5"
"GORE® EXCLUDER® Iliac Branch Endoprosthesis Case Video","yes","unlisted","https://www.youtube.com/watch?v=gXY7GcRDTB4","0h13m18s","1"
"GORE® CARDIOFORM Septal Occluder ASD Animation","no","unlisted","https://www.youtube.com/watch?v=Sn93bYadBTA","0h1m9s","509"
"Conformable GORE® TAG® Device Animation","no","unlisted","https://www.youtube.com/watch?v=U1XKDI0YL5Y","0h1m43s","69"
"GORE® ACUSEAL Vascular Graft Animation","no","unlisted","https://www.youtube.com/watch?v=kH4rQJcLz0M","0h0m59s","7"
"GORE® EXCLUDER® Device Percutaneous Endovascular Aneurysm Repair Case Video - Dennis Gable, MD","yes","unlisted","https://www.youtube.com/watch?v=1mqqoYUypeQ","0h12m16s","2"
"SX Product Animation","no","unlisted","https://www.youtube.com/watch?v=1Waqu9dYa7E","0h2m30s","2"
"TEVAR case video","no","unlisted","https://www.youtube.com/watch?v=AVgPR4SiuNI","0h4m11s","1"
"Device Positioning Intraoperatively","no","unlisted","https://www.youtube.com/watch?v=QNN2iDlwd1Y","0h3m17s","0"
"TEVAR Procedural Simulation","no","unlisted","https://www.youtube.com/watch?v=082NkcveSAw","0h14mNaNs","1"
"TEVAR Product Animation","no","unlisted","https://www.youtube.com/watch?v=T57V13HW9xE","0h0m58s","1"
"Iliac Branch Procedural Simulation","no","unlisted","https://www.youtube.com/watch?v=cDt2Rva_oAs","0h15m33s","1"
"EVAR Product Animation","no","unlisted","https://www.youtube.com/watch?v=xmvTx7qAkpo","0h1m25s","2"
"EVAR Procedural Simulation","no","unlisted","https://www.youtube.com/watch?v=XsSu2fpZGvo","0h9m25s","2"
"EVAR Case Video","no","unlisted","https://www.youtube.com/watch?v=8TlMmTZfmr8","0h0m56s","5"
"Laparoscopic Fixation of GORE® SYNECOR Biomaterial in a Cadaver Model Robotic Arm-Erik B. Wilson, MD","yes","unlisted","https://www.youtube.com/watch?v=OS1pfjmr6Js","0h3m16s","1"
"Preserving more than blood flow:patient's perspective on GORE® EXCLUDER® Iliac Branch Endoprosthesis","no","unlisted","https://www.youtube.com/watch?v=gRpM9KAT0e4","0h4m37s","18"
"Animation - GORE TIPS Set","no","unlisted","https://www.youtube.com/watch?v=CaW_hXH9mrU","0h1m36s","65"
"Animation - GORE® VIABAHN® VBX Balloon Expandable Endoprosthesis","no","unlisted","https://www.youtube.com/watch?v=19jpf9eXZO8","0h1m3s","264"
"CBAS Heparin Surface: End-Point Covalent Bond","no","unlisted","https://www.youtube.com/watch?v=TPcZkk8VU6Q","0h1m23s","28"
"GORE® VIABAHN® VBX Balloon Expandable Endoprosthesis Deployment: "Kissing" placement","no","unlisted","https://www.youtube.com/watch?v=GLmzslG7jaY","0h0m22s","12"
"Tackling Complex Cases in Dialysis Access","yes","unlisted","https://www.youtube.com/watch?v=TC1yY1Ly6KM","0h16m1s","1"
"GORE® TAG® Conformable Thoracic Stent Graft with ACTIVE CONTROL System deployment animation","no","unlisted","https://www.youtube.com/watch?v=WebuJy8zqB8","0h1m31s","35"
"GORE® VIATORR® TIPS Endoprosthesis with Controlled Expansion","no","unlisted","https://www.youtube.com/watch?v=JV-eN898e1Y","0h2m43s","244"
"Angio 2 - Angiogram of the distal device during secondary deployment to full diameter","no","unlisted","https://www.youtube.com/watch?v=VyIiIyOWyq0","0h0m8s","3"
"Angio 1 - Angiogram of the distal device at its intermediate diameter","no","unlisted","https://www.youtube.com/watch?v=r8Kn2t78_yY","0h0m6s","4"
"A patient's story","no","unlisted","https://www.youtube.com/watch?v=rilPtiT3AdE","0h3m15s","12"
"Loading and deployment of GORE® VIABIL® Short Wire Biliary Endoprosthesis","no","unlisted","https://www.youtube.com/watch?v=D0UG1BVJ1yo","0h1mNaNs","55"
"PFO-stroke study data","no","unlisted","https://www.youtube.com/watch?v=hpQHhXWBBAs","0h1m41s","31"
"Life after cryptogenic stroke","no","unlisted","https://www.youtube.com/watch?v=7wpG9dtHVeA","0h1m53s","97"
"Value in dialysis access","no","unlisted","https://www.youtube.com/watch?v=nwDw1zayN4Q","0h3m39s","14"
"Precise Delivery System","no","unlisted","https://www.youtube.com/watch?v=yh6Ym5qfT9w","0h1mNaNs","82"
"GORE® VIABAHN® VBX Balloon Expandable Endoprosthesis","no","unlisted","https://www.youtube.com/watch?v=EgjskV1Dgnk","0h3m20s","13"
"Ostial Calcified Lesion Treatment Video","no","unlisted","https://www.youtube.com/watch?v=K9KBCQt858U","0h0m25s","8"
"PFO-stroke randomized controlled trial efficacy and safety data","no","unlisted","https://www.youtube.com/watch?v=9rwlgf_Yx-I","0h1m53s","4"
"Dr Austermann Live Case #1 - Conformable GORE® TAG® Thoracic Stent Graft with ACTIVE CONTROL System","no","unlisted","https://www.youtube.com/watch?v=yeZ9oF6XWBk","0h5m23s","69"
"To close or not to close? PFO stroke case study of 32 year-old male","no","unlisted","https://www.youtube.com/watch?v=rWlkct0qCvU","0h1m49s","6"
"GORE® TAG® Conformable Thoracic Stent Graft System Animation","no","unlisted","https://www.youtube.com/watch?v=xzsHicgLa-k","0h0m58s","132"
"Brett Fortune, MD","no","unlisted","https://www.youtube.com/watch?v=DVhDfn-QrDY","0h22m56s","10"
"See flexible strength in action: GORE® VIABAHN® VBX Balloon Expandable Endoprosthesis","no","unlisted","https://www.youtube.com/watch?v=iNaWtNC8xks","0h3m21s","4"
"Dr Austermann Live Case #3 - Conformable GORE® TAG® Thoracic Stent Graft with ACTIVE CONTROL System","yes","unlisted","https://www.youtube.com/watch?v=HT0vOQYXaJ4","0h3m15s","1"
"Dr. Austermann Live Case #2-Conformable GORE® TAG® Thoracic Stent Graft with ACTIVE CONTROL System","no","unlisted","https://www.youtube.com/watch?v=uEPZCkAXwOM","0h4m11s","141"
"Could a patent foramen ovale (PFO) have contributed to your cryptogenic stroke?","no","unlisted","https://www.youtube.com/watch?v=V0YI1sqJml4","0h1m43s","12"
"Do PFO characteristics determine recurrent stroke risk?","no","unlisted","https://www.youtube.com/watch?v=5h6EOXmT5O8","0h1m16s","4"
"Anticoagulation: Better treatment option than PFO closure or antiplatelet?","no","unlisted","https://www.youtube.com/watch?v=jEbKbaOmjRQ","0h14m32s","3"
"VBX Video","no","unlisted","https://www.youtube.com/watch?v=51Veqor7wHc","0h3m24s","116"
"PFO Panel Discussion: AFIB and Cardiac Monitoring","no","unlisted","https://www.youtube.com/watch?v=dBkpSV1oArc","0h5m16s","5"
"PFO Detection: What's the gold standard - TCD, TTE, or TEE?","no","unlisted","https://www.youtube.com/watch?v=55eLTsI_dZM","0h5m58s","6"
"PFO stroke trials: The past, the recent, and the future","no","unlisted","https://www.youtube.com/watch?v=HogVQZOEm_A","0h9m5s","9"
"CMDS Deployment Animation","no","unlisted","https://www.youtube.com/watch?v=Ovb1KHJeaEU","0h1m36s","102"
"PFO closure patient selection: Should  PFO size influence your patient management decision?","no","unlisted","https://www.youtube.com/watch?v=6i3O_2uZ_Ps","0h4m56s","4"
"Robotic Preperitoneal Umbilical Hernia Repair – Matthew R. Reynolds, D.O","yes","unlisted","https://www.youtube.com/watch?v=LhVYXBabmQ8","0h13m47s","1"
"Patient selection: RoPE score for PFO closure patient selection","no","unlisted","https://www.youtube.com/watch?v=OvxUjvVdQYA","0h11m47s","5"
"How a patent foramen ovale (PFO) can contribute to a cryptogenic stroke","no","unlisted","https://www.youtube.com/watch?v=8UsVSNgAtgA","0h0m39s","14"
"Clinical experience with GORE®  SYNECOR Intraperitoneal Biomaterial - DONALD CUGINI, M.D.","yes","unlisted","https://www.youtube.com/watch?v=MiQZhJUuRd0","0h4m59s","1"
"Oversizing windows","no","unlisted","https://www.youtube.com/watch?v=XB3jhqXEOwo","0h2m22s","16"
"PFO and stroke workup: What modality and how long should you monitor for occult atrial fibrilation?","no","unlisted","https://www.youtube.com/watch?v=CFYqp3hSqbM","0h7mNaNs","5"
"Stent graft deployment","no","unlisted","https://www.youtube.com/watch?v=bUXdeS5QN64","0h1m12s","231"
"Dittmar Böckler (Heidelberg, Germany), distills two years of European experience with the device","no","unlisted","https://www.youtube.com/watch?v=VZwG1weUiTI","0h6m3s","14"
"Physicians experience with new delivery system","no","unlisted","https://www.youtube.com/watch?v=hINW6raRD_8","0h7m4s","6"
"Together","no","unlisted","https://www.youtube.com/watch?v=cN1pSd3O6aA","0h0m44s","20"
"TIPS Teamwork: A paradigm shift in the treatment of portal hypertension","no","unlisted","https://www.youtube.com/watch?v=oAJeZK-y7ic","1h3m23s","52"
"POST-OPERATIVE VIEW: 13-months post-implantation – Eric Mallico, M.D. FACS","yes","unlisted","https://www.youtube.com/watch?v=GXws5NzokGs","0h0m48s","2"
"LAPAROSCOPIC VENTRAL HERNIA REPAIR","yes","unlisted","https://www.youtube.com/watch?v=VjngXCEM2Ro","0h5m13s","1"
"POST-OPERATIVE VIEW: 79-days post-implantation – Eric Mallico, M.D. FACS","yes","unlisted","https://www.youtube.com/watch?v=cSrCp-MHs-Y","0h2m13s","1"
"POST-OPERATIVE VIEW: 18-months post-implantation – Razvan Opreanu, M.D.","yes","unlisted","https://www.youtube.com/watch?v=u86ZotML3f8","0h0m49s","1"
"Ease of Use – Eric Mallico, M.D. FACS","yes","unlisted","https://www.youtube.com/watch?v=kbyA27dI7HM","0h1m43s","1"
"POST-OPERATIVE VIEW:  60-days post-implantation – Eric Mallico, M.D. FACS","yes","unlisted","https://www.youtube.com/watch?v=XTgsYiV9XKQ","0h1m19s","1"
"Kissing Stents Conformability Video","no","unlisted","https://www.youtube.com/watch?v=-kWRgTRh9Jc","0h2m38s","5"
"Structural Heart Disease Programme - Understanding ASD / PFO Anatomy","no","unlisted","https://www.youtube.com/watch?v=y8NYm0LniUk","0h35m20s","17"
"Case Study - Matthew I. Goldblatt, M.D., FACS","no","unlisted","https://www.youtube.com/watch?v=CxQiW2UAz9E","0h2m3s","5"
"Deployment Animation","no","unlisted","https://www.youtube.com/watch?v=nOwk387p-Q4","0h1m15s","3"
"Achieving Optimal TEVAR Positioning","no","unlisted","https://www.youtube.com/watch?v=kTfned1FT2A","0h14m11s","37"
"Hemodynamic Flow Video","no","unlisted","https://www.youtube.com/watch?v=lJntS4LGvvo","0h1m55s","6"
"Patient Quality of Life in AWR and the Impact of Innovative Biomaterials","yes","unlisted","https://www.youtube.com/watch?v=n7zMP9-6NrE","0h45m10s","2"
"Aortic Portfolio Timeline Animation","no","unlisted","https://www.youtube.com/watch?v=pLne59dULnE","0h1m43s","16"
"Case Example","no","unlisted","https://www.youtube.com/watch?v=d0nY_EypzfQ","0h4m26s","6"
"Narrated Deployment Steps","no","unlisted","https://www.youtube.com/watch?v=ltXAuZXmo24","0h3m58s","48"
"Global Registry for Endovascular Aortic Treatment (GREAT) overview video","no","unlisted","https://www.youtube.com/watch?v=VUaZJJl6dgQ","0h4m59s","23"
"Iliac branch: Clinical Trial and GREAT Registry outcomes","no","unlisted","https://www.youtube.com/watch?v=L6OwOv9ld-Y","0h3m39s","4"
"Addressing unmet needs in EVAR","no","unlisted","https://www.youtube.com/watch?v=tsuHOwwWA9Q","0h5m31s","14"
"New 5-year data: U.S. IDE Clinical Trial","no","unlisted","https://www.youtube.com/watch?v=ESiH0cqrerA","0h1m20s","6"
"Promoting Hemodynamic Stability","no","unlisted","https://www.youtube.com/watch?v=QNU_4jj27ug","0h0m56s","1"
"Aortic Ally FSA Stories from the Field","no","unlisted","https://www.youtube.com/watch?v=jtMSYW7m1x0","0h1m50s","25"
"GORE® ACTIVE CONTROL System: Demonstration of capabilities for EVAR and TEVAR","no","unlisted","https://www.youtube.com/watch?v=9gGlfCdG59U","0h1m1s","3"
"GORE® EXCLUDER® Iliac Branch Endoprosthesis Product Animation","no","unlisted","https://www.youtube.com/watch?v=74YEpya9L68","0h2m27s","7"
"The Science Behind the Design: Nitinol","no","unlisted","https://www.youtube.com/watch?v=q2fJsJNweGk","0h3m22s","6"
"The Science Behind the Design: ePTFE","no","unlisted","https://www.youtube.com/watch?v=ts76op2NEI0","0h5m36s","7"
"Innovation","no","unlisted","https://www.youtube.com/watch?v=e_uCh_waiMA","0h1m1s","8"
"Together, improving life","no","unlisted","https://www.youtube.com/watch?v=zwNW0eQPR-A","0h0m44s","8"
"Video Assisted Thoracoscopy (VAT) Procedure","yes","unlisted","https://www.youtube.com/watch?v=dnFtbUYcNR8","0h3m54s","2"
"Global Cardiovascular Technology Forum Overview","no","unlisted","https://www.youtube.com/watch?v=HyRp_DH-U2w","0h3m1s","10"
"Daniel Sze, M.D., presents at Society of Interventional Radiology (SIR)","no","unlisted","https://www.youtube.com/watch?v=O9AUfzn6cuk","0h17m29s","7"
"Ventral Hernia Repair Using the Components Separation Technique--Brent Matthews, MD, FACS","yes","unlisted","https://www.youtube.com/watch?v=BNLPDESrlVI","0h10m3s","0"
"CBAS Technology","no","unlisted","https://www.youtube.com/watch?v=oiL9jZ3e32w","0h2m53s","22"
"Dedicated to Innovation","no","unlisted","https://www.youtube.com/watch?v=uIe_qSE5Xig","0h2m59s","20"
"Materials Science: Critical Connection Between Short-Term Clinical Results & Long-Term Outcomes","no","public","https://www.youtube.com/watch?v=g7LYNaos9OU","0h2m27s","550"
"CBAS Heparin Surface","no","unlisted","https://www.youtube.com/watch?v=JuIjv8iToSk","0h0m27s","11"
"GORE® CARDIOFORM Septal Occluder PFO Animation","no","public","https://www.youtube.com/watch?v=MpoUwuS5Dto","0h1m22s","8064"
"Dr. Scott Symposium Quality Outcomes Long Term Data","no","public","https://www.youtube.com/watch?v=UlgM5l7I5CU","0h31m38s","88"
"PTA Limitations when treating recoil in dialysis access","no","public","https://www.youtube.com/watch?v=Or39t3t7Fbc","0h3m29s","135"
"札幌医大 柴田先生_バイアバーン® ステントグラフト留置動画 21168750-JA","no","unlisted","https://www.youtube.com/watch?v=vS81pYyywqE","0h0m36s","30"
"いわき市医療センター 山本先生_ゴア® バイアバーン® ステントグラフト留置動画_2193132-JA","no","unlisted","https://www.youtube.com/watch?v=mKl3AxzPI8k","0h1m45s","27"
"デバイス展開動画","no","unlisted","https://www.youtube.com/watch?v=CrkSntqWb80","0h2m58s","30"
"術後3Dローテーション動画","no","unlisted","https://www.youtube.com/watch?v=0EBx2EtPuuY","0h0m10s","22"
"術前3Dローテーション動画","no","unlisted","https://www.youtube.com/watch?v=tMB88mWbWUg","0h0m10s","20"
"Animation - GORE®  VIABAHN®  VBX Balloon Expandable Endoprosthesis","no","public","https://www.youtube.com/watch?v=9g2kwI-xXkQ","0h1m2s","4136"
"Kissing Stent Conformability","no","public","https://www.youtube.com/watch?v=LV7PtIhtd9I","0h2m32s","1020"
"Restoring flow to a brachioaxillary AV graft after multiple failed PTA revisions ~ Mouawad","no","public","https://www.youtube.com/watch?v=uaMboFo_fW8","0h2m32s","119"
"ICE Tour of the Heart","no","public","https://www.youtube.com/watch?v=Zwt2X9Yn7BU","0h7m37s","226"
"Product Animation - Peripheral Arterial Disease","no","public","https://www.youtube.com/watch?v=4mLRYgSgeEc","0h2m30s","1906"
"ANIMATION - GORE® EXCLUDER® ILIAC BRANCH ENDOPROSTHESIS","no","public","https://www.youtube.com/watch?v=zR_gMkFNbas","0h2m27s","13266"
"ANIMATION - GORE® EXCLUDER® AAA ENDOPROSTHESIS","no","public","https://www.youtube.com/watch?v=b_CrJ_NItCw","0h1m25s","8008"
"GORE® VIABIL Biliary Endoprosthesis - Product Video","no","unlisted","https://www.youtube.com/watch?v=fwypdijdgak","0h0m53s","22"
"PFO and stroke workup: Steps to determine etiology of ischemic stroke","no","public","https://www.youtube.com/watch?v=2kdZo11Hac4","0h13m55s","317"
"Patient Quality of live in abdominal wall reconstruction and the impact of innovative biomaterials","yes","unlisted","https://www.youtube.com/watch?v=NfpE2HC94bk","0h58m23s","4"
"Grundlagen der EVAR – von der Planung bis zur Intervention Block 3","no","unlisted","https://www.youtube.com/watch?v=qJqqEQpcXYI","0h5m51s","28"
"Grundlagen der EVAR – von der Planung bis zur Intervention Block 2","no","unlisted","https://www.youtube.com/watch?v=XBoMrrvJy_A","0h19m11s","41"
"ゴア® TAG® コンフォーマブル 胸部大動脈ステントグラフト アクティブコントロールシステムStentGraft Deployment","no","public","https://www.youtube.com/watch?v=E5iMaiTMSms","0h1m12s","2053"
"ゴア® TAG® コンフォーマブル 胸部大動脈ステントグラフト アクティブコントロールシステム ステントグラフトの特徴とコントロール機能（30秒）","no","public","https://www.youtube.com/watch?v=PkhqwRMOIBM","0h0m31s","220"
"ゴア® TAG® コンフォーマブル 胸部大動脈ステントグラフト アクティブコントロールシステム ステントグラフトの特徴とコントロール機能（2分8秒）","no","public","https://www.youtube.com/watch?v=6tdZCn89OeE","0h2m9s","1109"
"コンフォーマブル ゴア® TAG® オーバーサイジング範囲について","no","public","https://www.youtube.com/watch?v=fG3-xRfXQ7E","0h2m36s","184"
"Robotic Sugarbaker Repair of a Parastomal Hernia utilizing GORE® SYNECOR Intraperitoneal Biomaterial","yes","public","https://www.youtube.com/watch?v=lDjPpKr17IU","0h9m10s","618"
"Experts Discuss PTA Limitations in Treating AV Graft Stenosis","no","public","https://www.youtube.com/watch?v=mcFAzIWQSyw","0h3m20s","162"
"GORE® CARDIOFORM ASD Occluder: Advanced Techniques for device delivery in challenging anatomies","no","public","https://www.youtube.com/watch?v=TyONc9db168","0h45m50s","928"
"Gore Vascular Mastery eCampus interview Prof. Steinbauer","no","unlisted","https://www.youtube.com/watch?v=Iie_qxPjIgw","0h1m51s","13"
"Experts Discuss PTA Limitations in Treating AV Graft Stenosis with Thrombosis","no","public","https://www.youtube.com/watch?v=vf_68VAgNV8","0h3m10s","173"
"GORE® CARDIOFORM ASD Occluder animation","no","unlisted","https://www.youtube.com/watch?v=Yb2B-6katJs","0h1m12s","131"
"Robotic IPOM PLUS - Dr Muysoms, M.D.","yes","public","https://www.youtube.com/watch?v=JK7N8Jpl3ks","0h5m34s","400"
"Earlier TIPS for Portal Hypertension","no","public","https://www.youtube.com/watch?v=mswUXbTyhZo","0h1m12s","274"
"Small Child // High posterior secundum ASD case study presented by Gareth Morgan, M.D.","no","public","https://www.youtube.com/watch?v=Qa-IrI9hnU4","0h9m14s","99"
"Adult // Previous Atrial Fibrillation Ablation case study presented by Gareth Morgan, M.D.","no","public","https://www.youtube.com/watch?v=FnFykDTCC3c","0h10m46s","82"
"Small Child // Typical secundum ASD case study presented by Gareth Morgan, M.D.","no","public","https://www.youtube.com/watch?v=BBC97IoInMA","0h8m42s","219"
"Gore Vascular Mastery eCampus interview Dr Chiriboga","no","unlisted","https://www.youtube.com/watch?v=WPhMneLeNpA","0h1m32s","1"
"Gore Vascular Mastery eCampus interview Dr Chiriboga","no","unlisted","https://www.youtube.com/watch?v=UiiCU08hk7s","0h1m32s","310"
"MPD GMP Tradeshow AV","no","unlisted","https://www.youtube.com/watch?v=opeRkdJ0ARQ","0h0m29s","29"
"MPD GMP Tradeshow AV","no","unlisted","https://www.youtube.com/watch?v=Pm4OhDCcIaU","0h1m44s","75"
"MPD GMP Tradeshow AV","no","unlisted","https://www.youtube.com/watch?v=7rIoHWSuWFA","0h2m1s","45"
"Long-term outcomes of PFO closure for recurrent stroke prevention","no","public","https://www.youtube.com/watch?v=JJexsnU9BN8","0h25m17s","245"
"The case for PFO closure: Preventing recurrent stroke in cryptogenic stroke patients","no","public","https://www.youtube.com/watch?v=cC6PI2Xrtbo","0h28m10s","293"
"Post-operative observation of GORE® SYNECOR Intraperitoneal Biomaterial","yes","public","https://www.youtube.com/watch?v=HJIEAZQltI0","0h2m22s","54"
"Laparoscopic Ventral Hernia Repair using GORE® SYNECOR® BioMaterial","yes","public","https://www.youtube.com/watch?v=1iyWiPYwc2E","0h5m38s","184"
"Restoring flow in a patient with severe claudication and focal iliac calcification","no","public","https://www.youtube.com/watch?v=ACIEccpFTUY","0h2m39s","172"
"AWR Discussion with Michael Ujiki, M.D. and Keith Millikan, M.D.","no","public","https://www.youtube.com/watch?v=gEZzAW0W1CM","0h5m59s","212"
"Reduction of Recurrent Strokes in Patients with PFO: Long-Term Outcomes","no","public","https://www.youtube.com/watch?v=VQ0yfH24fOM","0h45m43s","269"
"GORE® CARDIOFORM ASD Occluder: Device features, benefits and procedure basics","no","public","https://www.youtube.com/watch?v=PgRic8_X62I","0h55m4s","1474"
"Life after stroke: Kathryn´s story","no","public","https://www.youtube.com/watch?v=KCcxk-oPjwY","0h4m57s","777"
"Next Generation Case Study Video: RESTORING FLOW TO PATIENT WITH STENOSIS AT AORTOILIAC BIFURCATION","no","public","https://www.youtube.com/watch?v=0luy4AzxAVw","0h2m48s","335"
"Achieving optimal TEVAR positioning: deployment example in Type B dissection","no","public","https://www.youtube.com/watch?v=8eoXTCp-WBU","0h3m17s","1189"
"Deploy, Lock, Release. GORE® CARDIOFORM Septal Occluder device basics and closing simple PFO cases","no","public","https://www.youtube.com/watch?v=44_skb9WzdU","0h48m21s","4463"
"PFO diagnosis and recurrent stroke prevention","no","public","https://www.youtube.com/watch?v=g3rkiGTZ2iE","0h47m47s","784"